-- phpMyAdmin SQL Dump
-- version 5.2.0
-- https://www.phpmyadmin.net/
--
-- ホスト: localhost:8889
-- 生成日時: 2023 年 12 月 17 日 14:14
-- サーバのバージョン： 5.7.39
-- PHP のバージョン: 7.4.33

SET SQL_MODE = "NO_AUTO_VALUE_ON_ZERO";
START TRANSACTION;
SET time_zone = "+00:00";


/*!40101 SET @OLD_CHARACTER_SET_CLIENT=@@CHARACTER_SET_CLIENT */;
/*!40101 SET @OLD_CHARACTER_SET_RESULTS=@@CHARACTER_SET_RESULTS */;
/*!40101 SET @OLD_COLLATION_CONNECTION=@@COLLATION_CONNECTION */;
/*!40101 SET NAMES utf8mb4 */;

--
-- データベース: `tree_market`
--
CREATE DATABASE IF NOT EXISTS `tree_market` DEFAULT CHARACTER SET utf8 COLLATE utf8_general_ci;
USE `tree_market`;

-- --------------------------------------------------------

--
-- テーブルの構造 `deliveries`
--

DROP TABLE IF EXISTS `deliveries`;
CREATE TABLE `deliveries` (
  `d_id` int(11) NOT NULL,
  `t_id` int(11) NOT NULL,
  `delivery_vol` int(11) NOT NULL,
  `delivery_date` datetime NOT NULL,
  `accept_flg` tinyint(1) NOT NULL DEFAULT '0',
  `accept_date` datetime DEFAULT NULL,
  `delete_flg` tinyint(1) NOT NULL DEFAULT '0',
  `update_date` timestamp NOT NULL DEFAULT CURRENT_TIMESTAMP,
  `create_date` datetime NOT NULL
) ENGINE=InnoDB DEFAULT CHARSET=utf8;

--
-- テーブルのデータのダンプ `deliveries`
--

INSERT INTO `deliveries` (`d_id`, `t_id`, `delivery_vol`, `delivery_date`, `accept_flg`, `accept_date`, `delete_flg`, `update_date`, `create_date`) VALUES
(1, 1, 100, '2023-10-26 23:23:09', 1, '2023-10-31 23:37:46', 0, '2023-10-26 14:23:09', '2023-10-26 23:23:09'),
(2, 1, 120, '2023-10-26 23:31:15', 1, '2023-10-31 23:42:05', 0, '2023-10-26 14:31:15', '2023-10-26 23:31:15'),
(3, 1, 150, '2023-10-26 23:32:57', 1, '2023-10-31 23:44:13', 0, '2023-10-26 14:32:57', '2023-10-26 23:32:57'),
(4, 1, 110, '2023-10-26 23:38:18', 0, NULL, 0, '2023-10-26 14:38:18', '2023-10-26 23:38:18'),
(5, 1, 90, '2023-10-26 23:44:26', 1, '2023-11-05 21:05:15', 0, '2023-10-26 14:44:26', '2023-10-26 23:44:26'),
(6, 1, 30, '2023-10-26 23:44:44', 1, '2023-10-31 23:46:59', 0, '2023-10-26 14:44:44', '2023-10-26 23:44:44'),
(7, 1, 230, '2023-10-31 23:55:46', 1, '2023-11-04 16:47:35', 0, '2023-10-31 14:55:46', '2023-10-31 23:55:46'),
(8, 3, 85, '2023-11-04 17:29:20', 1, '2023-11-04 17:30:50', 0, '2023-11-04 08:29:20', '2023-11-04 17:29:20'),
(9, 6, 30, '2023-11-04 17:32:24', 0, NULL, 0, '2023-11-04 08:32:24', '2023-11-04 17:32:24'),
(10, 7, 200, '2023-11-04 17:35:12', 0, NULL, 0, '2023-11-04 08:35:12', '2023-11-04 17:35:12'),
(11, 16, 122, '2023-12-16 15:49:58', 1, '2023-12-16 15:50:58', 0, '2023-12-16 06:49:58', '2023-12-16 15:49:58'),
(12, 16, 12, '2023-12-16 15:51:54', 1, '2023-12-16 15:53:08', 0, '2023-12-16 06:51:54', '2023-12-16 15:51:54'),
(13, 16, 234, '2023-12-16 15:52:03', 1, '2023-12-16 15:53:12', 0, '2023-12-16 06:52:03', '2023-12-16 15:52:03');

-- --------------------------------------------------------

--
-- テーブルの構造 `messages`
--

DROP TABLE IF EXISTS `messages`;
CREATE TABLE `messages` (
  `m_id` int(11) NOT NULL,
  `t_id` int(11) NOT NULL,
  `message` varchar(255) NOT NULL,
  `send_user` int(11) NOT NULL,
  `recieve_user` int(11) NOT NULL,
  `delete_flg` tinyint(1) NOT NULL DEFAULT '0',
  `update_date` timestamp NOT NULL DEFAULT CURRENT_TIMESTAMP,
  `create_date` datetime NOT NULL
) ENGINE=InnoDB DEFAULT CHARSET=utf8;

--
-- テーブルのデータのダンプ `messages`
--

INSERT INTO `messages` (`m_id`, `t_id`, `message`, `send_user`, `recieve_user`, `delete_flg`, `update_date`, `create_date`) VALUES
(1, 1, 'testtesttest\r\ntesttest', 2, 3, 0, '2023-10-23 14:25:06', '2023-10-23 23:25:06'),
(2, 1, 'あらざっす！！', 2, 3, 0, '2023-10-23 14:26:40', '2023-10-23 23:26:40'),
(3, 1, 'ウェーーーーイ！！', 2, 3, 0, '2023-10-23 14:26:50', '2023-10-23 23:26:50'),
(4, 1, 'testtesttesttesttesttest\r\ndetetstdse\r\ndateaf', 3, 2, 0, '2023-10-23 14:28:18', '2023-10-23 23:28:18'),
(5, 1, 'チェーケラッ！！', 3, 2, 0, '2023-10-23 14:29:01', '2023-10-23 23:29:01'),
(6, 1, 'testtesttesttesttesttest\r\ndetetstdse\r\ndateaf', 3, 2, 0, '2023-10-24 13:27:05', '2023-10-24 22:27:05'),
(7, 1, 'yeah-----!', 2, 3, 0, '2023-10-24 14:00:32', '2023-10-24 23:00:32'),
(8, 1, 'yeah-----!', 2, 3, 0, '2023-10-24 14:01:19', '2023-10-24 23:01:19'),
(9, 1, 'test', 2, 3, 0, '2023-10-24 14:07:10', '2023-10-24 23:07:10'),
(10, 1, 'test', 2, 3, 0, '2023-10-24 14:11:34', '2023-10-24 23:11:34'),
(11, 1, 'test', 2, 3, 0, '2023-10-24 14:15:29', '2023-10-24 23:15:29'),
(12, 1, 'test', 2, 3, 0, '2023-10-24 14:16:38', '2023-10-24 23:16:38'),
(13, 1, 'test', 2, 3, 0, '2023-10-24 14:16:45', '2023-10-24 23:16:45'),
(14, 1, 'test', 2, 3, 0, '2023-10-24 14:17:29', '2023-10-24 23:17:29'),
(15, 1, 'test', 2, 3, 0, '2023-10-24 14:17:33', '2023-10-24 23:17:33'),
(16, 1, '吾輩は猫である。', 2, 3, 0, '2023-10-24 14:21:26', '2023-10-24 23:21:26'),
(17, 1, '吾輩は猫である。', 2, 3, 0, '2023-10-24 14:21:30', '2023-10-24 23:21:30'),
(18, 1, '吾輩は猫である。', 2, 3, 0, '2023-10-24 14:23:40', '2023-10-24 23:23:40'),
(19, 1, '吾輩は猫である。', 2, 3, 0, '2023-10-24 14:26:44', '2023-10-24 23:26:44'),
(20, 1, '吾輩は猫である。', 2, 3, 0, '2023-10-24 14:30:58', '2023-10-24 23:30:58'),
(21, 1, 'testtesttest\r\ntesttesttest\r\ntesttest', 3, 2, 0, '2023-10-24 14:36:46', '2023-10-24 23:36:46'),
(22, 1, 'testtest\r\n\r\ntestteset\r\n\r\ntest', 3, 2, 0, '2023-10-24 14:38:29', '2023-10-24 23:38:29'),
(23, 1, '無駄無駄無駄無駄無駄無駄', 2, 3, 0, '2023-10-25 14:56:49', '2023-10-25 23:56:49'),
(24, 1, 'boys be ambishas!', 2, 3, 0, '2023-10-25 14:59:22', '2023-10-25 23:59:22'),
(25, 1, 'それでも地球は回っている', 2, 3, 0, '2023-10-26 14:05:53', '2023-10-26 23:05:53'),
(26, 1, '150㎥の納入があります。確認をお願いいたします。', 2, 3, 0, '2023-10-26 14:32:57', '2023-10-26 23:32:57'),
(27, 1, '90㎥の納品があります。<br>\n確認お願いいたします。', 2, 3, 0, '2023-10-26 14:44:26', '2023-10-26 23:44:26'),
(28, 1, '30㎥の納品があります。\n確認お願いいたします。', 2, 3, 0, '2023-10-26 14:44:44', '2023-10-26 23:44:44'),
(29, 1, '230㎥の納品があります。\n確認お願いいたします。', 3, 2, 0, '2023-10-31 14:55:46', '2023-10-31 23:55:46'),
(30, 3, 'よろしくお願いいたします。', 3, 1, 0, '2023-11-04 08:29:07', '2023-11-04 17:29:07'),
(31, 3, '85㎥の納品があります。\n確認お願いいたします。', 3, 1, 0, '2023-11-04 08:29:20', '2023-11-04 17:29:20'),
(32, 3, 'シクヨロデェース！！', 1, 3, 0, '2023-11-04 08:30:44', '2023-11-04 17:30:44'),
(33, 6, 'よろしく！', 1, 2, 0, '2023-11-04 08:32:15', '2023-11-04 17:32:15'),
(34, 6, '30㎥の納品があります。\n確認お願いいたします。', 1, 2, 0, '2023-11-04 08:32:24', '2023-11-04 17:32:24'),
(35, 7, 'test\r\ntest\r\ntest', 2, 1, 0, '2023-11-04 08:34:37', '2023-11-04 17:34:37'),
(36, 7, '200㎥の納品があります。\n確認お願いいたします。', 2, 1, 0, '2023-11-04 08:35:12', '2023-11-04 17:35:12'),
(37, 1, 'testtesttesttest', 2, 3, 0, '2023-12-16 06:37:01', '2023-12-16 15:37:01'),
(38, 16, 'jfdhsdjdjdjjsdf', 2, 5, 0, '2023-12-16 06:49:07', '2023-12-16 15:49:07'),
(39, 16, '122㎥の納品があります。\n確認お願いいたします。', 5, 2, 0, '2023-12-16 06:49:58', '2023-12-16 15:49:58'),
(40, 16, 'absckdhgj', 5, 2, 0, '2023-12-16 06:51:46', '2023-12-16 15:51:46'),
(41, 16, '12㎥の納品があります。\n確認お願いいたします。', 5, 2, 0, '2023-12-16 06:51:54', '2023-12-16 15:51:54'),
(42, 16, '234㎥の納品があります。\n確認お願いいたします。', 5, 2, 0, '2023-12-16 06:52:03', '2023-12-16 15:52:03');

-- --------------------------------------------------------

--
-- テーブルの構造 `requests`
--

DROP TABLE IF EXISTS `requests`;
CREATE TABLE `requests` (
  `request_id` int(11) NOT NULL,
  `user_id` int(11) NOT NULL,
  `pref` varchar(255) NOT NULL,
  `city` varchar(255) NOT NULL,
  `request_vol` int(11) NOT NULL,
  `tree_id` int(11) NOT NULL,
  `d_min` int(11) NOT NULL,
  `d_max` int(11) NOT NULL,
  `length` int(11) NOT NULL,
  `price` int(11) NOT NULL,
  `request_comment` varchar(255) NOT NULL,
  `delete_flg` tinyint(1) NOT NULL DEFAULT '0',
  `update_date` timestamp NOT NULL DEFAULT CURRENT_TIMESTAMP,
  `create_date` datetime NOT NULL
) ENGINE=InnoDB DEFAULT CHARSET=utf8;

--
-- テーブルのデータのダンプ `requests`
--

INSERT INTO `requests` (`request_id`, `user_id`, `pref`, `city`, `request_vol`, `tree_id`, `d_min`, `d_max`, `length`, `price`, `request_comment`, `delete_flg`, `update_date`, `create_date`) VALUES
(1, 2, '高知県', '高知市', 1000, 2, 10, 14, 4, 20000, 'test_comment', 0, '2023-10-09 14:42:26', '2023-10-09 23:42:26'),
(3, 2, '高知県', '四万十市', 1000, 1, 10, 18, 4, 13000, 'test_comment', 0, '2023-10-09 14:44:08', '2023-10-09 23:44:08'),
(4, 2, '高知県', '四万十市', 1000, 1, 10, 18, 4, 13000, 'test_comment', 0, '2023-10-09 14:44:08', '2023-10-09 23:44:08'),
(5, 2, '徳島県', '海陽町', 150, 3, 10, 14, 3, 6000, 'test_comment', 0, '2023-10-09 14:46:12', '2023-10-09 23:46:12'),
(6, 1, '徳島県', '徳島市', 1000, 1, 10, 14, 3, 10000, 'test_comment', 0, '2023-10-10 13:48:59', '2023-10-10 22:48:59'),
(7, 1, '徳島県', '徳島市', 500, 2, 10, 24, 4, 20000, '年間１万立米製材しています。', 0, '2023-10-10 14:31:26', '2023-10-10 23:31:26'),
(8, 1, '愛媛県', '松山市', 50, 4, 26, 34, 4, 40000, '県内では珍しいクロマツを製材しています。\r\n流通が少ないため、集めるのが困難となっています。\r\nご協力お願いいたします。', 0, '2023-10-10 14:39:07', '2023-10-10 23:39:07'),
(9, 2, '愛媛県', '松山市', 80, 2, 28, 28, 6, 30000, '全幹集材可能な方、いらっしゃいましたら、高価で取引お願いいたします。', 0, '2023-10-11 11:06:27', '2023-10-11 20:06:27'),
(10, 2, '高知県', '高知市', 1000, 2, 10, 14, 4, 20000, 'test_comment', 0, '2023-10-09 14:42:26', '2023-10-09 23:42:26'),
(11, 2, '高知県', '四万十市', 1000, 1, 10, 18, 4, 13000, 'test_comment', 0, '2023-10-09 14:44:08', '2023-10-09 23:44:08'),
(12, 2, '高知県', '四万十市', 1000, 1, 10, 18, 4, 13000, 'test_comment', 0, '2023-10-09 14:44:08', '2023-10-09 23:44:08'),
(13, 2, '徳島県', '海陽町', 150, 3, 10, 14, 3, 6000, 'test_comment', 0, '2023-10-09 14:46:12', '2023-10-09 23:46:12'),
(14, 1, '徳島県', '徳島市', 1000, 1, 10, 14, 3, 10000, 'test_comment', 0, '2023-10-10 13:48:59', '2023-10-10 22:48:59'),
(15, 1, '徳島県', '徳島市', 500, 2, 10, 24, 4, 20000, '年間１万立米製材しています。', 0, '2023-10-10 14:31:26', '2023-10-10 23:31:26'),
(16, 1, '愛媛県', '松山市', 50, 4, 26, 34, 4, 40000, '県内では珍しいクロマツを製材しています。\r\n流通が少ないため、集めるのが困難となっています。\r\nご協力お願いいたします。', 0, '2023-10-10 14:39:07', '2023-10-10 23:39:07'),
(17, 2, '愛媛県', '松山市', 80, 2, 28, 28, 6, 30000, '全幹集材可能な方、いらっしゃいましたら、高価で取引お願いいたします。', 0, '2023-10-11 11:06:27', '2023-10-11 20:06:27'),
(18, 2, '高知県', '高知市', 1000, 2, 10, 14, 4, 20000, 'test_comment', 0, '2023-10-09 14:42:26', '2023-10-09 23:42:26'),
(19, 2, '高知県', '四万十市', 1000, 1, 10, 18, 4, 13000, 'test_comment', 0, '2023-10-09 14:44:08', '2023-10-09 23:44:08'),
(20, 2, '高知県', '四万十市', 1000, 1, 10, 18, 4, 13000, 'test_comment', 0, '2023-10-09 14:44:08', '2023-10-09 23:44:08'),
(21, 2, '徳島県', '海陽町', 150, 3, 10, 14, 3, 6000, 'test_comment', 0, '2023-10-09 14:46:12', '2023-10-09 23:46:12'),
(22, 1, '徳島県', '徳島市', 1000, 1, 10, 14, 3, 10000, 'test_comment', 0, '2023-10-10 13:48:59', '2023-10-10 22:48:59'),
(23, 1, '徳島県', '徳島市', 500, 2, 10, 24, 4, 20000, '年間１万立米製材しています。', 0, '2023-10-10 14:31:26', '2023-10-10 23:31:26'),
(24, 1, '愛媛県', '松山市', 50, 4, 26, 34, 4, 40000, '県内では珍しいクロマツを製材しています。\r\n流通が少ないため、集めるのが困難となっています。\r\nご協力お願いいたします。', 0, '2023-10-10 14:39:07', '2023-10-10 23:39:07'),
(25, 2, '愛媛県', '松山市', 80, 2, 28, 28, 6, 30000, '全幹集材可能な方、いらっしゃいましたら、高価で取引お願いいたします。', 0, '2023-10-11 11:06:27', '2023-10-11 20:06:27'),
(26, 2, '高知県', '高知市', 1000, 2, 10, 14, 4, 20000, 'test_comment', 0, '2023-10-09 14:42:26', '2023-10-09 23:42:26'),
(27, 2, '高知県', '四万十市', 1000, 1, 10, 18, 4, 13000, 'test_comment', 0, '2023-10-09 14:44:08', '2023-10-09 23:44:08'),
(28, 2, '高知県', '四万十市', 1000, 1, 10, 18, 4, 13000, 'test_comment', 0, '2023-10-09 14:44:08', '2023-10-09 23:44:08'),
(29, 2, '徳島県', '海陽町', 150, 3, 10, 14, 3, 6000, 'test_comment', 0, '2023-10-09 14:46:12', '2023-10-09 23:46:12'),
(30, 1, '徳島県', '徳島市', 1000, 1, 10, 14, 3, 10000, 'test_comment', 0, '2023-10-10 13:48:59', '2023-10-10 22:48:59'),
(31, 1, '徳島県', '徳島市', 500, 2, 10, 24, 4, 20000, '年間１万立米製材しています。', 0, '2023-10-10 14:31:26', '2023-10-10 23:31:26'),
(32, 1, '愛媛県', '松山市', 50, 4, 26, 34, 4, 40000, '県内では珍しいクロマツを製材しています。\r\n流通が少ないため、集めるのが困難となっています。\r\nご協力お願いいたします。', 0, '2023-10-10 14:39:07', '2023-10-10 23:39:07'),
(33, 2, '愛媛県', '松山市', 80, 2, 28, 28, 6, 30000, '全幹集材可能な方、いらっしゃいましたら、高価で取引お願いいたします。', 0, '2023-10-11 11:06:27', '2023-10-11 20:06:27'),
(34, 2, '高知県', '高知市', 1000, 2, 10, 14, 4, 20000, 'test_comment', 0, '2023-10-09 14:42:26', '2023-10-09 23:42:26'),
(35, 2, '高知県', '四万十市', 1000, 1, 10, 18, 4, 13000, 'test_comment', 0, '2023-10-09 14:44:08', '2023-10-09 23:44:08'),
(36, 2, '高知県', '四万十市', 1000, 1, 10, 18, 4, 13000, 'test_comment', 0, '2023-10-09 14:44:08', '2023-10-09 23:44:08'),
(37, 2, '徳島県', '海陽町', 150, 3, 10, 14, 3, 6000, 'test_comment', 0, '2023-10-09 14:46:12', '2023-10-09 23:46:12'),
(38, 1, '徳島県', '徳島市', 1000, 1, 10, 14, 3, 10000, 'test_comment', 0, '2023-10-10 13:48:59', '2023-10-10 22:48:59'),
(39, 1, '徳島県', '徳島市', 500, 2, 10, 24, 4, 20000, '年間１万立米製材しています。', 0, '2023-10-10 14:31:26', '2023-10-10 23:31:26'),
(40, 1, '愛媛県', '松山市', 50, 4, 26, 34, 4, 40000, '県内では珍しいクロマツを製材しています。\r\n流通が少ないため、集めるのが困難となっています。\r\nご協力お願いいたします。', 0, '2023-10-10 14:39:07', '2023-10-10 23:39:07'),
(41, 2, '愛媛県', '松山市', 80, 2, 28, 28, 6, 30000, '全幹集材可能な方、いらっしゃいましたら、高価で取引お願いいたします。', 0, '2023-10-11 11:06:27', '2023-10-11 20:06:27'),
(42, 2, '高知県', '高知市', 1000, 2, 10, 14, 4, 20000, 'test_comment', 0, '2023-10-09 14:42:26', '2023-10-09 23:42:26'),
(43, 2, '高知県', '四万十市', 1000, 1, 10, 18, 4, 13000, 'test_comment', 0, '2023-10-09 14:44:08', '2023-10-09 23:44:08'),
(44, 2, '高知県', '四万十市', 1000, 1, 10, 18, 4, 13000, 'test_comment', 0, '2023-10-09 14:44:08', '2023-10-09 23:44:08'),
(45, 2, '徳島県', '海陽町', 150, 3, 10, 14, 3, 6000, 'test_comment', 0, '2023-10-09 14:46:12', '2023-10-09 23:46:12'),
(46, 1, '徳島県', '徳島市', 1000, 1, 10, 14, 3, 10000, 'test_comment', 0, '2023-10-10 13:48:59', '2023-10-10 22:48:59'),
(47, 1, '徳島県', '徳島市', 500, 2, 10, 24, 4, 20000, '年間１万立米製材しています。', 0, '2023-10-10 14:31:26', '2023-10-10 23:31:26'),
(48, 1, '愛媛県', '松山市', 50, 4, 26, 34, 4, 40000, '県内では珍しいクロマツを製材しています。\r\n流通が少ないため、集めるのが困難となっています。\r\nご協力お願いいたします。', 0, '2023-10-10 14:39:07', '2023-10-10 23:39:07'),
(49, 2, '愛媛県', '松山市', 80, 2, 28, 28, 6, 30000, '全幹集材可能な方、いらっしゃいましたら、高価で取引お願いいたします。', 0, '2023-10-11 11:06:27', '2023-10-11 20:06:27'),
(50, 2, '高知県', '高知市', 1000, 2, 10, 14, 4, 20000, 'test_comment', 0, '2023-10-09 14:42:26', '2023-10-09 23:42:26'),
(51, 2, '高知県', '四万十市', 1000, 1, 10, 18, 4, 13000, 'test_comment', 0, '2023-10-09 14:44:08', '2023-10-09 23:44:08'),
(52, 2, '高知県', '四万十市', 1000, 1, 10, 18, 4, 13000, 'test_comment', 0, '2023-10-09 14:44:08', '2023-10-09 23:44:08'),
(53, 2, '徳島県', '海陽町', 150, 3, 10, 14, 3, 6000, 'test_comment', 0, '2023-10-09 14:46:12', '2023-10-09 23:46:12'),
(54, 1, '徳島県', '徳島市', 1000, 1, 10, 14, 3, 10000, 'test_comment', 0, '2023-10-10 13:48:59', '2023-10-10 22:48:59'),
(55, 1, '徳島県', '徳島市', 500, 2, 10, 24, 4, 20000, '年間１万立米製材しています。', 0, '2023-10-10 14:31:26', '2023-10-10 23:31:26'),
(56, 1, '愛媛県', '松山市', 50, 4, 26, 34, 4, 40000, '県内では珍しいクロマツを製材しています。\r\n流通が少ないため、集めるのが困難となっています。\r\nご協力お願いいたします。', 0, '2023-10-10 14:39:07', '2023-10-10 23:39:07'),
(57, 2, '愛媛県', '松山市', 80, 2, 28, 28, 6, 30000, '全幹集材可能な方、いらっしゃいましたら、高価で取引お願いいたします。', 0, '2023-10-11 11:06:27', '2023-10-11 20:06:27'),
(58, 2, '高知県', '高知市', 1000, 2, 10, 14, 4, 20000, 'test_comment', 0, '2023-10-09 14:42:26', '2023-10-09 23:42:26'),
(59, 2, '高知県', '四万十市', 1000, 1, 10, 18, 4, 13000, 'test_comment', 0, '2023-10-09 14:44:08', '2023-10-09 23:44:08'),
(60, 2, '高知県', '四万十市', 1000, 1, 10, 18, 4, 13000, 'test_comment', 0, '2023-10-09 14:44:08', '2023-10-09 23:44:08'),
(61, 2, '徳島県', '海陽町', 150, 3, 10, 14, 3, 6000, 'test_comment', 0, '2023-10-09 14:46:12', '2023-10-09 23:46:12'),
(62, 1, '徳島県', '徳島市', 1000, 1, 10, 14, 3, 10000, 'test_comment', 0, '2023-10-10 13:48:59', '2023-10-10 22:48:59'),
(63, 1, '徳島県', '徳島市', 500, 2, 10, 24, 4, 20000, '年間１万立米製材しています。', 0, '2023-10-10 14:31:26', '2023-10-10 23:31:26'),
(64, 1, '愛媛県', '松山市', 50, 4, 26, 34, 4, 40000, '県内では珍しいクロマツを製材しています。\r\n流通が少ないため、集めるのが困難となっています。\r\nご協力お願いいたします。', 0, '2023-10-10 14:39:07', '2023-10-10 23:39:07'),
(65, 2, '愛媛県', '松山市', 80, 2, 28, 28, 6, 30000, '全幹集材可能な方、いらっしゃいましたら、高価で取引お願いいたします。', 0, '2023-10-11 11:06:27', '2023-10-11 20:06:27'),
(66, 2, '高知県', '高知市', 1000, 2, 10, 14, 4, 20000, 'test_comment', 0, '2023-10-09 14:42:26', '2023-10-09 23:42:26'),
(67, 2, '高知県', '四万十市', 1000, 1, 10, 18, 4, 13000, 'test_comment', 0, '2023-10-09 14:44:08', '2023-10-09 23:44:08'),
(68, 2, '高知県', '四万十市', 1000, 1, 10, 18, 4, 13000, 'test_comment', 0, '2023-10-09 14:44:08', '2023-10-09 23:44:08'),
(69, 2, '徳島県', '海陽町', 150, 3, 10, 14, 3, 6000, 'test_comment', 0, '2023-10-09 14:46:12', '2023-10-09 23:46:12'),
(70, 1, '徳島県', '徳島市', 1000, 1, 10, 14, 3, 10000, 'test_comment', 0, '2023-10-10 13:48:59', '2023-10-10 22:48:59'),
(71, 1, '徳島県', '徳島市', 500, 2, 10, 24, 4, 20000, '年間１万立米製材しています。', 0, '2023-10-10 14:31:26', '2023-10-10 23:31:26'),
(72, 1, '愛媛県', '松山市', 50, 4, 26, 34, 4, 40000, '県内では珍しいクロマツを製材しています。\r\n流通が少ないため、集めるのが困難となっています。\r\nご協力お願いいたします。', 0, '2023-10-10 14:39:07', '2023-10-10 23:39:07'),
(73, 2, '愛媛県', '松山市', 80, 2, 28, 28, 6, 30000, '全幹集材可能な方、いらっしゃいましたら、高価で取引お願いいたします。', 0, '2023-10-11 11:06:27', '2023-10-11 20:06:27'),
(74, 2, '高知県', '高知市', 1000, 2, 10, 14, 4, 20000, 'test_comment', 0, '2023-10-09 14:42:26', '2023-10-09 23:42:26'),
(75, 2, '高知県', '四万十市', 1000, 1, 10, 18, 4, 13000, 'test_comment', 0, '2023-10-09 14:44:08', '2023-10-09 23:44:08'),
(76, 2, '高知県', '四万十市', 1000, 1, 10, 18, 4, 13000, 'test_comment', 0, '2023-10-09 14:44:08', '2023-10-09 23:44:08'),
(77, 2, '徳島県', '海陽町', 150, 3, 10, 14, 3, 6000, 'test_comment', 0, '2023-10-09 14:46:12', '2023-10-09 23:46:12'),
(78, 1, '徳島県', '徳島市', 1000, 1, 10, 14, 3, 10000, 'test_comment', 0, '2023-10-10 13:48:59', '2023-10-10 22:48:59'),
(79, 1, '徳島県', '徳島市', 500, 2, 10, 24, 4, 20000, '年間１万立米製材しています。', 0, '2023-10-10 14:31:26', '2023-10-10 23:31:26'),
(80, 1, '愛媛県', '松山市', 50, 4, 26, 34, 4, 40000, '県内では珍しいクロマツを製材しています。\r\n流通が少ないため、集めるのが困難となっています。\r\nご協力お願いいたします。', 0, '2023-10-10 14:39:07', '2023-10-10 23:39:07'),
(81, 2, '愛媛県', '松山市', 80, 2, 28, 28, 6, 30000, '全幹集材可能な方、いらっしゃいましたら、高価で取引お願いいたします。', 0, '2023-10-11 11:06:27', '2023-10-11 20:06:27'),
(82, 2, '高知県', '高知市', 1000, 2, 10, 14, 4, 20000, 'test_comment', 0, '2023-10-09 14:42:26', '2023-10-09 23:42:26'),
(83, 2, '高知県', '四万十市', 1000, 1, 10, 18, 4, 13000, 'test_comment', 0, '2023-10-09 14:44:08', '2023-10-09 23:44:08'),
(84, 2, '高知県', '四万十市', 1000, 1, 10, 18, 4, 13000, 'test_comment', 0, '2023-10-09 14:44:08', '2023-10-09 23:44:08'),
(85, 2, '徳島県', '海陽町', 150, 3, 10, 14, 3, 6000, 'test_comment', 0, '2023-10-09 14:46:12', '2023-10-09 23:46:12'),
(86, 1, '徳島県', '徳島市', 1000, 1, 10, 14, 3, 10000, 'test_comment', 0, '2023-10-10 13:48:59', '2023-10-10 22:48:59'),
(87, 1, '徳島県', '徳島市', 500, 2, 10, 24, 4, 20000, '年間１万立米製材しています。', 0, '2023-10-10 14:31:26', '2023-10-10 23:31:26'),
(88, 1, '愛媛県', '松山市', 50, 4, 26, 34, 4, 40000, '県内では珍しいクロマツを製材しています。\r\n流通が少ないため、集めるのが困難となっています。\r\nご協力お願いいたします。', 0, '2023-10-10 14:39:07', '2023-10-10 23:39:07'),
(89, 2, '愛媛県', '松山市', 80, 2, 28, 28, 6, 30000, '全幹集材可能な方、いらっしゃいましたら、高価で取引お願いいたします。', 0, '2023-10-11 11:06:27', '2023-10-11 20:06:27'),
(90, 2, '高知県', '高知市', 1000, 2, 10, 14, 4, 20000, 'test_comment', 0, '2023-10-09 14:42:26', '2023-10-09 23:42:26'),
(91, 2, '高知県', '四万十市', 1000, 1, 10, 18, 4, 13000, 'test_comment', 0, '2023-10-09 14:44:08', '2023-10-09 23:44:08'),
(92, 2, '高知県', '四万十市', 1000, 1, 10, 18, 4, 13000, 'test_comment', 0, '2023-10-09 14:44:08', '2023-10-09 23:44:08'),
(93, 2, '徳島県', '海陽町', 150, 3, 10, 14, 3, 6000, 'test_comment', 0, '2023-10-09 14:46:12', '2023-10-09 23:46:12'),
(94, 1, '徳島県', '徳島市', 1000, 1, 10, 14, 3, 10000, 'test_comment', 0, '2023-10-10 13:48:59', '2023-10-10 22:48:59'),
(95, 1, '徳島県', '徳島市', 500, 2, 10, 24, 4, 20000, '年間１万立米製材しています。', 0, '2023-10-10 14:31:26', '2023-10-10 23:31:26'),
(96, 1, '愛媛県', '松山市', 50, 4, 26, 34, 4, 40000, '県内では珍しいクロマツを製材しています。\r\n流通が少ないため、集めるのが困難となっています。\r\nご協力お願いいたします。', 0, '2023-10-10 14:39:07', '2023-10-10 23:39:07'),
(97, 2, '愛媛県', '松山市', 80, 2, 28, 28, 6, 30000, '全幹集材可能な方、いらっしゃいましたら、高価で取引お願いいたします。', 0, '2023-10-11 11:06:27', '2023-10-11 20:06:27'),
(98, 2, '高知県', '高知市', 1000, 2, 10, 14, 4, 20000, 'test_comment', 0, '2023-10-09 14:42:26', '2023-10-09 23:42:26'),
(99, 2, '高知県', '四万十市', 1000, 1, 10, 18, 4, 13000, 'test_comment', 0, '2023-10-09 14:44:08', '2023-10-09 23:44:08'),
(100, 2, '高知県', '四万十市', 1000, 1, 10, 18, 4, 13000, 'test_comment', 0, '2023-10-09 14:44:08', '2023-10-09 23:44:08'),
(101, 2, '徳島県', '海陽町', 150, 3, 10, 14, 3, 6000, 'test_comment', 0, '2023-10-09 14:46:12', '2023-10-09 23:46:12'),
(102, 1, '徳島県', '徳島市', 1000, 1, 10, 14, 3, 10000, 'test_comment', 0, '2023-10-10 13:48:59', '2023-10-10 22:48:59'),
(103, 1, '徳島県', '徳島市', 500, 2, 10, 24, 4, 20000, '年間１万立米製材しています。', 0, '2023-10-10 14:31:26', '2023-10-10 23:31:26'),
(104, 1, '愛媛県', '松山市', 50, 4, 26, 34, 4, 40000, '県内では珍しいクロマツを製材しています。\r\n流通が少ないため、集めるのが困難となっています。\r\nご協力お願いいたします。', 0, '2023-10-10 14:39:07', '2023-10-10 23:39:07'),
(105, 2, '愛媛県', '松山市', 80, 2, 28, 28, 6, 30000, '全幹集材可能な方、いらっしゃいましたら、高価で取引お願いいたします。', 0, '2023-10-11 11:06:27', '2023-10-11 20:06:27'),
(106, 2, '高知県', '高知市', 1000, 2, 10, 14, 4, 20000, 'test_comment', 0, '2023-10-09 14:42:26', '2023-10-09 23:42:26'),
(107, 2, '高知県', '四万十市', 1000, 1, 10, 18, 4, 13000, 'test_comment', 0, '2023-10-09 14:44:08', '2023-10-09 23:44:08'),
(108, 2, '高知県', '四万十市', 1000, 1, 10, 18, 4, 13000, 'test_comment', 0, '2023-10-09 14:44:08', '2023-10-09 23:44:08'),
(109, 2, '徳島県', '海陽町', 150, 3, 10, 14, 3, 6000, 'test_comment', 0, '2023-10-09 14:46:12', '2023-10-09 23:46:12'),
(110, 1, '徳島県', '徳島市', 1000, 1, 10, 14, 3, 10000, 'test_comment', 0, '2023-10-10 13:48:59', '2023-10-10 22:48:59'),
(111, 1, '徳島県', '徳島市', 500, 2, 10, 24, 4, 20000, '年間１万立米製材しています。', 0, '2023-10-10 14:31:26', '2023-10-10 23:31:26'),
(112, 1, '愛媛県', '松山市', 50, 4, 26, 34, 4, 40000, '県内では珍しいクロマツを製材しています。\r\n流通が少ないため、集めるのが困難となっています。\r\nご協力お願いいたします。', 0, '2023-10-10 14:39:07', '2023-10-10 23:39:07'),
(113, 2, '愛媛県', '松山市', 80, 2, 28, 28, 6, 30000, '全幹集材可能な方、いらっしゃいましたら、高価で取引お願いいたします。', 0, '2023-10-11 11:06:27', '2023-10-11 20:06:27'),
(114, 2, '高知県', '高知市', 1000, 2, 10, 14, 4, 20000, 'test_comment', 0, '2023-10-09 14:42:26', '2023-10-09 23:42:26'),
(115, 2, '高知県', '四万十市', 1000, 1, 10, 18, 4, 13000, 'test_comment', 0, '2023-10-09 14:44:08', '2023-10-09 23:44:08'),
(116, 2, '高知県', '四万十市', 1000, 1, 10, 18, 4, 13000, 'test_comment', 0, '2023-10-09 14:44:08', '2023-10-09 23:44:08'),
(117, 2, '徳島県', '海陽町', 150, 3, 10, 14, 3, 6000, 'test_comment', 0, '2023-10-09 14:46:12', '2023-10-09 23:46:12'),
(118, 1, '徳島県', '徳島市', 1000, 1, 10, 14, 3, 10000, 'test_comment', 0, '2023-10-10 13:48:59', '2023-10-10 22:48:59'),
(119, 1, '徳島県', '徳島市', 500, 2, 10, 24, 4, 20000, '年間１万立米製材しています。', 0, '2023-10-10 14:31:26', '2023-10-10 23:31:26'),
(120, 1, '愛媛県', '松山市', 50, 4, 26, 34, 4, 40000, '県内では珍しいクロマツを製材しています。\r\n流通が少ないため、集めるのが困難となっています。\r\nご協力お願いいたします。', 0, '2023-10-10 14:39:07', '2023-10-10 23:39:07'),
(121, 2, '愛媛県', '松山市', 80, 2, 28, 28, 6, 30000, '全幹集材可能な方、いらっしゃいましたら、高価で取引お願いいたします。', 0, '2023-10-11 11:06:27', '2023-10-11 20:06:27'),
(122, 2, '高知県', '高知市', 1000, 2, 10, 14, 4, 20000, 'test_comment', 0, '2023-10-09 14:42:26', '2023-10-09 23:42:26'),
(123, 2, '高知県', '四万十市', 1000, 1, 10, 18, 4, 13000, 'test_comment', 0, '2023-10-09 14:44:08', '2023-10-09 23:44:08'),
(124, 2, '高知県', '四万十市', 1000, 1, 10, 18, 4, 13000, 'test_comment', 0, '2023-10-09 14:44:08', '2023-10-09 23:44:08'),
(125, 2, '徳島県', '海陽町', 150, 3, 10, 14, 3, 6000, 'test_comment', 0, '2023-10-09 14:46:12', '2023-10-09 23:46:12'),
(126, 1, '徳島県', '徳島市', 1000, 1, 10, 14, 3, 10000, 'test_comment', 0, '2023-10-10 13:48:59', '2023-10-10 22:48:59'),
(127, 1, '徳島県', '徳島市', 500, 2, 10, 24, 4, 20000, '年間１万立米製材しています。', 0, '2023-10-10 14:31:26', '2023-10-10 23:31:26'),
(128, 1, '愛媛県', '松山市', 50, 4, 26, 34, 4, 40000, '県内では珍しいクロマツを製材しています。\r\n流通が少ないため、集めるのが困難となっています。\r\nご協力お願いいたします。', 0, '2023-10-10 14:39:07', '2023-10-10 23:39:07'),
(129, 2, '愛媛県', '松山市', 80, 2, 28, 28, 6, 30000, '全幹集材可能な方、いらっしゃいましたら、高価で取引お願いいたします。', 0, '2023-10-11 11:06:27', '2023-10-11 20:06:27');

-- --------------------------------------------------------

--
-- テーブルの構造 `transactions`
--

DROP TABLE IF EXISTS `transactions`;
CREATE TABLE `transactions` (
  `t_id` int(11) NOT NULL,
  `request_id` int(11) NOT NULL,
  `r_user_id` int(11) NOT NULL,
  `r_agree_flg` tinyint(1) NOT NULL DEFAULT '0',
  `r_agree_date` datetime DEFAULT NULL,
  `a_user_id` int(11) NOT NULL,
  `a_apply_flg` tinyint(1) NOT NULL DEFAULT '0',
  `a_apply_date` datetime NOT NULL,
  `d_id` int(11) NOT NULL DEFAULT '0',
  `delete_flg` tinyint(1) NOT NULL DEFAULT '0',
  `update_date` timestamp NOT NULL DEFAULT CURRENT_TIMESTAMP,
  `create_date` datetime NOT NULL
) ENGINE=InnoDB DEFAULT CHARSET=utf8;

--
-- テーブルのデータのダンプ `transactions`
--

INSERT INTO `transactions` (`t_id`, `request_id`, `r_user_id`, `r_agree_flg`, `r_agree_date`, `a_user_id`, `a_apply_flg`, `a_apply_date`, `d_id`, `delete_flg`, `update_date`, `create_date`) VALUES
(1, 1, 2, 1, '2023-10-19 00:03:09', 3, 1, '2023-10-16 23:44:58', 0, 0, '2023-10-16 14:44:58', '2023-10-16 23:44:58'),
(2, 1, 2, 1, '2023-11-04 17:23:59', 3, 1, '2023-10-20 00:14:18', 0, 0, '2023-10-19 15:14:18', '2023-10-20 00:14:18'),
(3, 7, 1, 1, '2023-10-20 00:16:47', 3, 1, '2023-10-20 00:15:14', 0, 0, '2023-10-19 15:15:14', '2023-10-20 00:15:14'),
(4, 1, 2, 0, NULL, 1, 1, '2023-10-20 00:17:09', 0, 0, '2023-10-19 15:17:09', '2023-10-20 00:17:09'),
(5, 1, 2, 0, NULL, 1, 1, '2023-10-21 00:32:51', 0, 0, '2023-10-20 15:32:51', '2023-10-21 00:32:51'),
(6, 1, 2, 1, '2023-10-21 01:09:24', 1, 1, '2023-10-21 00:48:31', 0, 0, '2023-10-20 15:48:31', '2023-10-21 00:48:31'),
(7, 7, 1, 1, '2023-11-04 17:30:07', 2, 1, '2023-10-21 17:29:14', 0, 0, '2023-10-21 08:29:14', '2023-10-21 17:29:14'),
(13, 3, 2, 1, '2023-11-04 17:34:05', 3, 1, '2023-10-24 23:38:51', 0, 0, '2023-10-24 14:38:51', '2023-10-24 23:38:51'),
(14, 4, 2, 1, '2023-11-04 17:33:56', 3, 1, '2023-10-24 23:39:01', 0, 0, '2023-10-24 14:39:01', '2023-10-24 23:39:01'),
(15, 5, 2, 1, '2023-11-04 17:24:07', 3, 1, '2023-11-01 00:31:56', 0, 0, '2023-10-31 15:31:56', '2023-11-01 00:31:56'),
(16, 1, 2, 1, '2023-12-16 15:48:53', 5, 1, '2023-12-16 15:35:42', 0, 0, '2023-12-16 06:35:42', '2023-12-16 15:35:42');

-- --------------------------------------------------------

--
-- テーブルの構造 `trees`
--

DROP TABLE IF EXISTS `trees`;
CREATE TABLE `trees` (
  `tree_id` int(11) NOT NULL,
  `tree_name` varchar(255) NOT NULL,
  `delete_flg` tinyint(1) NOT NULL DEFAULT '0',
  `update_date` timestamp NOT NULL DEFAULT CURRENT_TIMESTAMP,
  `create_date` datetime NOT NULL
) ENGINE=InnoDB DEFAULT CHARSET=utf8;

--
-- テーブルのデータのダンプ `trees`
--

INSERT INTO `trees` (`tree_id`, `tree_name`, `delete_flg`, `update_date`, `create_date`) VALUES
(1, 'スギ', 0, '2023-10-09 08:51:15', '2023-10-09 17:49:10'),
(2, 'ヒノキ', 0, '2023-10-09 08:51:15', '2023-10-09 17:49:10'),
(3, 'アカマツ', 0, '2023-10-09 08:51:15', '2023-10-09 17:49:10'),
(4, 'クロマツ', 0, '2023-10-09 08:51:15', '2023-10-09 17:49:10'),
(5, 'カラマツ', 0, '2023-10-09 08:51:15', '2023-10-09 17:49:10'),
(6, 'その他', 0, '2023-10-09 08:51:15', '2023-10-09 17:49:10');

-- --------------------------------------------------------

--
-- テーブルの構造 `users`
--

DROP TABLE IF EXISTS `users`;
CREATE TABLE `users` (
  `user_id` int(11) NOT NULL,
  `user_name` varchar(255) NOT NULL,
  `password` varchar(255) NOT NULL,
  `email` varchar(255) NOT NULL,
  `address` varchar(255) NOT NULL,
  `tel` varchar(255) NOT NULL,
  `profile` text NOT NULL,
  `delete_flg` tinyint(1) NOT NULL DEFAULT '0',
  `update_date` timestamp NOT NULL DEFAULT CURRENT_TIMESTAMP,
  `create_date` datetime NOT NULL
) ENGINE=InnoDB DEFAULT CHARSET=utf8;

--
-- テーブルのデータのダンプ `users`
--

INSERT INTO `users` (`user_id`, `user_name`, `password`, `email`, `address`, `tel`, `profile`, `delete_flg`, `update_date`, `create_date`) VALUES
(1, 'test1111', '$2y$10$f6ZDlQlAYPXypCzg0/34jObyWWUUJZ/zXv5rWNJY4V5SGyDQr8LAS', 'test1111@test.com', 'test_address', '08061328059', 'test_comment', 0, '2023-10-06 14:29:02', '2023-10-06 23:29:02'),
(2, 'test0000', '$2y$10$rcHfH7MoEq5FHk2aEKHExeXZkgmCcl4JBMvAoOzNhMBJC5Rju0vBi', 'test0000@test.com', 'test_address0000', '09012345678', 'test_comment_0000', 0, '2023-10-06 14:30:59', '2023-10-06 23:30:59'),
(3, 'test2222', '$2y$10$QfBzYgOFj3M92.f/YjaruOPHV2htiB0fZrx5EnoxiSgz79IjOyxIW', 'test222@test.com', 'test_address_2222', '08022221234', 'test_comment_2222', 0, '2023-10-06 15:07:31', '2023-10-07 00:07:31'),
(4, 'test3333', '$2y$10$5rGikRPliCwCDMakMXLhcO9F/uq3fyy.ql61q.kIAeWfhStkmhW6K', 'test3333@test.com', 'test_address_3333', '08033331234', 'test_comment_3333', 0, '2023-10-06 15:09:11', '2023-10-07 00:09:11'),
(5, 'msdhrk', '$2y$10$3e/PoelF8EYhPwzXTbnYQOD8M5wr.MKaxkTYIJ.4DO/aN20CnDDdq', 'ppt-sec-int@cyberark.10563', 'Hyogo pf, Kawanishi city ', '08012345678', 'test', 0, '2023-12-16 06:32:10', '2023-12-16 15:32:10');

--
-- ダンプしたテーブルのインデックス
--

--
-- テーブルのインデックス `deliveries`
--
ALTER TABLE `deliveries`
  ADD PRIMARY KEY (`d_id`);

--
-- テーブルのインデックス `messages`
--
ALTER TABLE `messages`
  ADD PRIMARY KEY (`m_id`);

--
-- テーブルのインデックス `requests`
--
ALTER TABLE `requests`
  ADD PRIMARY KEY (`request_id`);

--
-- テーブルのインデックス `transactions`
--
ALTER TABLE `transactions`
  ADD PRIMARY KEY (`t_id`);

--
-- テーブルのインデックス `trees`
--
ALTER TABLE `trees`
  ADD PRIMARY KEY (`tree_id`);

--
-- テーブルのインデックス `users`
--
ALTER TABLE `users`
  ADD PRIMARY KEY (`user_id`);

--
-- ダンプしたテーブルの AUTO_INCREMENT
--

--
-- テーブルの AUTO_INCREMENT `deliveries`
--
ALTER TABLE `deliveries`
  MODIFY `d_id` int(11) NOT NULL AUTO_INCREMENT, AUTO_INCREMENT=14;

--
-- テーブルの AUTO_INCREMENT `messages`
--
ALTER TABLE `messages`
  MODIFY `m_id` int(11) NOT NULL AUTO_INCREMENT, AUTO_INCREMENT=43;

--
-- テーブルの AUTO_INCREMENT `requests`
--
ALTER TABLE `requests`
  MODIFY `request_id` int(11) NOT NULL AUTO_INCREMENT, AUTO_INCREMENT=130;

--
-- テーブルの AUTO_INCREMENT `transactions`
--
ALTER TABLE `transactions`
  MODIFY `t_id` int(11) NOT NULL AUTO_INCREMENT, AUTO_INCREMENT=17;

--
-- テーブルの AUTO_INCREMENT `trees`
--
ALTER TABLE `trees`
  MODIFY `tree_id` int(11) NOT NULL AUTO_INCREMENT, AUTO_INCREMENT=7;

--
-- テーブルの AUTO_INCREMENT `users`
--
ALTER TABLE `users`
  MODIFY `user_id` int(11) NOT NULL AUTO_INCREMENT, AUTO_INCREMENT=6;
COMMIT;

/*!40101 SET CHARACTER_SET_CLIENT=@OLD_CHARACTER_SET_CLIENT */;
/*!40101 SET CHARACTER_SET_RESULTS=@OLD_CHARACTER_SET_RESULTS */;
/*!40101 SET COLLATION_CONNECTION=@OLD_COLLATION_CONNECTION */;
